figure,path,bytes
calibration_brier.pdf,E:\Study\Thực tập tốt nghiệp\Explainable_NeuroSymbolic_Fraud_Detection\results\figures\visualization\calibration_brier.pdf,11457
calibration_brier.png,E:\Study\Thực tập tốt nghiệp\Explainable_NeuroSymbolic_Fraud_Detection\results\figures\visualization\calibration_brier.png,83764
calibration_ece.pdf,E:\Study\Thực tập tốt nghiệp\Explainable_NeuroSymbolic_Fraud_Detection\results\figures\visualization\calibration_ece.pdf,11570
calibration_ece.png,E:\Study\Thực tập tốt nghiệp\Explainable_NeuroSymbolic_Fraud_Detection\results\figures\visualization\calibration_ece.png,86110
explanation_precision_comparison.pdf,E:\Study\Thực tập tốt nghiệp\Explainable_NeuroSymbolic_Fraud_Detection\results\figures\visualization\explanation_precision_comparison.pdf,11816
explanation_precision_comparison.png,E:\Study\Thực tập tốt nghiệp\Explainable_NeuroSymbolic_Fraud_Detection\results\figures\visualization\explanation_precision_comparison.png,64977
ieee_rule_ablation_precision_gain.pdf,E:\Study\Thực tập tốt nghiệp\Explainable_NeuroSymbolic_Fraud_Detection\results\figures\visualization\ieee_rule_ablation_precision_gain.pdf,13554
ieee_rule_ablation_precision_gain.png,E:\Study\Thực tập tốt nghiệp\Explainable_NeuroSymbolic_Fraud_Detection\results\figures\visualization\ieee_rule_ablation_precision_gain.png,237573
predictive_fbeta.pdf,E:\Study\Thực tập tốt nghiệp\Explainable_NeuroSymbolic_Fraud_Detection\results\figures\visualization\predictive_fbeta.pdf,12608
predictive_fbeta.png,E:\Study\Thực tập tốt nghiệp\Explainable_NeuroSymbolic_Fraud_Detection\results\figures\visualization\predictive_fbeta.png,82162
predictive_pr_auc.pdf,E:\Study\Thực tập tốt nghiệp\Explainable_NeuroSymbolic_Fraud_Detection\results\figures\visualization\predictive_pr_auc.pdf,12765
predictive_pr_auc.png,E:\Study\Thực tập tốt nghiệp\Explainable_NeuroSymbolic_Fraud_Detection\results\figures\visualization\predictive_pr_auc.png,88500
predictive_roc_auc.pdf,E:\Study\Thực tập tốt nghiệp\Explainable_NeuroSymbolic_Fraud_Detection\results\figures\visualization\predictive_roc_auc.pdf,13540
predictive_roc_auc.png,E:\Study\Thực tập tốt nghiệp\Explainable_NeuroSymbolic_Fraud_Detection\results\figures\visualization\predictive_roc_auc.png,92119
rule_lift_by_dataset.pdf,E:\Study\Thực tập tốt nghiệp\Explainable_NeuroSymbolic_Fraud_Detection\results\figures\visualization\rule_lift_by_dataset.pdf,13749
rule_lift_by_dataset.png,E:\Study\Thực tập tốt nghiệp\Explainable_NeuroSymbolic_Fraud_Detection\results\figures\visualization\rule_lift_by_dataset.png,149366
stress_support_and_score_only.pdf,E:\Study\Thực tập tốt nghiệp\Explainable_NeuroSymbolic_Fraud_Detection\results\figures\visualization\stress_support_and_score_only.pdf,15022
stress_support_and_score_only.png,E:\Study\Thực tập tốt nghiệp\Explainable_NeuroSymbolic_Fraud_Detection\results\figures\visualization\stress_support_and_score_only.png,185718
